company_name,document
Samsung Electronics,"Samsung Electronics is one of the largest technology companies in South Korea and operates globally across multiple business sectors. The company develops semiconductors, smartphones, televisions, displays, home appliances, and digital solutions. Samsung Electronics invests heavily in research and development and maintains partnerships with technology firms worldwide. The company belongs to Samsung Group and collaborates with affiliated companies to strengthen its ecosystem. Samsung Electronics focuses on innovation, artificial intelligence, cloud computing, and next generation communication technologies. The company continues to expand its global market presence through strategic investments and long term business planning."

Samsung SDS,"Samsung SDS is an information technology services company that provides cloud computing, logistics platforms, cybersecurity solutions, and enterprise software services. The company supports digital transformation initiatives for businesses across multiple industries. Samsung SDS works closely with enterprise customers to improve operational efficiency and data driven decision making. The company invests in artificial intelligence, automation technologies, and smart logistics systems. Samsung SDS is recognized for its expertise in large scale IT infrastructure and digital innovation projects."

Samsung Biologics,"Samsung Biologics is a biotechnology company specializing in contract development and manufacturing services for pharmaceutical and biopharmaceutical products. The company supports global healthcare organizations through advanced production facilities and research capabilities. Samsung Biologics focuses on quality management, regulatory compliance, and innovation in biotechnology. The company invests in manufacturing expansion and next generation healthcare technologies. It plays an important role in supporting pharmaceutical supply chains and global medical research."

Naver,"Naver is a major internet platform company in South Korea. The company operates search services, digital content platforms, cloud solutions, artificial intelligence technologies, and business services. Naver invests heavily in research and development to improve user experiences and support innovation. The company collaborates with startups, technology firms, and content creators. Naver continues to expand its influence through investments in digital transformation, e commerce platforms, and emerging technologies."

Kakao,"Kakao is a technology company known for messaging services, fintech solutions, mobility platforms, and digital content businesses. The company manages a diverse ecosystem that connects users through communication and online services. Kakao invests in startup companies and innovative technology ventures. The company focuses on artificial intelligence, financial technology, and digital commerce. Kakao aims to create integrated digital experiences and strengthen its position within the technology industry."

Coupang,"Coupang is a leading e commerce company that provides online retail services, logistics infrastructure, and delivery solutions. The company emphasizes customer convenience through technology driven operations and fast delivery networks. Coupang invests in logistics optimization, automation systems, and digital commerce innovations. The company continuously expands its platform capabilities to support sellers and consumers. Coupang has become an important participant in the digital economy and retail ecosystem."

SK Hynix,"SK Hynix is a semiconductor company specializing in memory chips and advanced electronic components. The company develops technologies that support computing, artificial intelligence, mobile devices, and cloud infrastructure. SK Hynix invests heavily in semiconductor research and manufacturing facilities. The company collaborates with global technology partners and contributes to innovation in data processing technologies. SK Hynix plays a critical role in the global semiconductor supply chain."

SK Telecom,"SK Telecom is a telecommunications company providing mobile communication services, network infrastructure, and digital technology solutions. The company invests in artificial intelligence, data platforms, and next generation communication systems. SK Telecom develops innovative services that support digital transformation across industries. The company collaborates with technology partners to improve connectivity and customer experiences. SK Telecom continues to expand its capabilities through strategic technology investments."

Hyundai Motor,"Hyundai Motor is a global automotive company that designs, manufactures, and sells vehicles in international markets. The company invests in electric vehicles, autonomous driving technologies, mobility services, and sustainable transportation solutions. Hyundai Motor focuses on innovation and long term growth through research and development initiatives. The company collaborates with technology firms to enhance vehicle connectivity and intelligent transportation systems."

LG Electronics,"LG Electronics develops consumer electronics, home appliances, display technologies, and business solutions. The company emphasizes innovation in smart devices, energy efficiency, and digital transformation. LG Electronics invests in artificial intelligence, connected devices, and future technology research. The company serves customers worldwide and continues to expand its presence through product development and strategic partnerships. LG Electronics maintains a strong commitment to quality, sustainability, and technological advancement."

Krafton,"Krafton is a gaming company known for developing and publishing interactive entertainment products for global audiences. The company focuses on creating immersive gaming experiences through innovative design, advanced technology, and long term content development strategies. Krafton invests in artificial intelligence, game engines, virtual worlds, and next generation entertainment technologies. The company collaborates with international studios and technology partners to expand its intellectual property portfolio. Krafton continues to strengthen its position in the gaming industry through strategic investments, research initiatives, and global market expansion efforts."

NCSoft,"NCSoft is a game development and publishing company that creates online games, mobile games, and digital entertainment services. The company is recognized for its expertise in massively multiplayer online role playing games and innovative gaming technologies. NCSoft invests in artificial intelligence, machine learning, cloud gaming, and digital content development. The company focuses on building sustainable gaming ecosystems and enhancing player engagement through continuous innovation. NCSoft collaborates with technology partners and content creators to expand its presence in international markets."

Netmarble,"Netmarble develops and publishes mobile games and online entertainment platforms for users around the world. The company emphasizes accessibility, innovation, and long term player satisfaction through high quality content and technology driven services. Netmarble invests in game development studios, emerging technologies, and digital transformation initiatives. The company continuously explores new opportunities in virtual environments, artificial intelligence, and interactive media. Netmarble aims to strengthen its competitive position through strategic partnerships and investment activities."

Musinsa,"Musinsa is a fashion platform company that connects consumers with clothing brands, lifestyle products, and digital commerce services. The company operates an online marketplace that supports both established and emerging fashion brands. Musinsa invests in technology infrastructure, recommendation systems, and customer experience optimization. The company collaborates with designers, retailers, and logistics providers to improve platform efficiency. Musinsa continues to expand its influence in the fashion industry through digital innovation and strategic business development."

Zigzag,"Zigzag is a fashion commerce platform that aggregates products from multiple online stores and provides personalized shopping experiences. The company utilizes recommendation algorithms, consumer behavior analysis, and digital marketing technologies to improve customer satisfaction. Zigzag invests in artificial intelligence and platform optimization to enhance product discovery and purchasing efficiency. The company works with a diverse network of fashion retailers and brands. Zigzag continues to grow by expanding its service offerings and strengthening customer engagement."

Danggeun Market,"Danggeun Market is a local community commerce platform that enables users to buy, sell, and exchange goods within nearby neighborhoods. The company focuses on building trust based interactions and promoting sustainable local commerce. Danggeun Market invests in location based technologies, user safety systems, and community engagement initiatives. The company supports local economic activity by connecting individuals through convenient digital services. Danggeun Market continues to expand its platform capabilities and community oriented business model."

Kurly,"Kurly is an e commerce company specializing in grocery delivery and premium consumer products. The company provides customers with convenient access to fresh food, household items, and lifestyle goods through digital commerce platforms. Kurly invests in logistics infrastructure, supply chain optimization, and customer experience innovation. The company focuses on quality assurance and operational excellence to maintain customer trust. Kurly continues to strengthen its market position through technology adoption and strategic business expansion."

Toss,"Toss is a financial technology company that offers digital payment services, banking solutions, investment products, and personal finance management tools. The company aims to simplify financial services through user friendly digital experiences and innovative technologies. Toss invests in artificial intelligence, data analytics, and cybersecurity to improve service quality and customer trust. The company collaborates with financial institutions and technology providers to expand its ecosystem. Toss continues to develop new financial products and digital solutions for consumers."

Baemin,"Baemin is a food delivery platform that connects consumers, restaurants, and delivery partners through digital services. The company focuses on improving convenience, operational efficiency, and customer satisfaction within the food service ecosystem. Baemin invests in logistics optimization, artificial intelligence, and platform innovation to enhance service quality. The company supports restaurant partners through digital tools and marketing solutions. Baemin continues to expand its capabilities through technology driven business development and strategic partnerships."

Viva Republica,"Viva Republica is a technology company best known for operating financial services and digital innovation platforms. The company develops products that improve accessibility, efficiency, and transparency in financial transactions. Viva Republica invests in data driven technologies, cybersecurity, and digital transformation initiatives. The company collaborates with financial institutions and technology partners to deliver innovative services. Viva Republica continues to expand its ecosystem through strategic investments, research activities, and customer focused innovation."